{
  "hash": "ce1988d8",
  "browserHash": "7b7f6f2b",
  "optimized": {
    "@angular/core": {
      "src": "../../../../../node_modules/@angular/core/fesm2022/core.mjs",
      "file": "@angular_core.js",
      "fileHash": "14081de8",
      "needsInterop": false
    },
    "@angular/platform-browser": {
      "src": "../../../../../node_modules/@angular/platform-browser/fesm2022/platform-browser.mjs",
      "file": "@angular_platform-browser.js",
      "fileHash": "8358f46f",
      "needsInterop": false
    },
    "@angular/router": {
      "src": "../../../../../node_modules/@angular/router/fesm2022/router.mjs",
      "file": "@angular_router.js",
      "fileHash": "4c5e33d2",
      "needsInterop": false
    },
    "@angular/common": {
      "src": "../../../../../node_modules/@angular/common/fesm2022/common.mjs",
      "file": "@angular_common.js",
      "fileHash": "cb9a7844",
      "needsInterop": false
    },
    "rxjs": {
      "src": "../../../../../node_modules/rxjs/dist/esm5/index.js",
      "file": "rxjs.js",
      "fileHash": "d35e96aa",
      "needsInterop": false
    },
    "@angular/common/http": {
      "src": "../../../../../node_modules/@angular/common/fesm2022/http.mjs",
      "file": "@angular_common_http.js",
      "fileHash": "a4dd82f1",
      "needsInterop": false
    },
    "tslib": {
      "src": "../../../../../node_modules/tslib/tslib.es6.mjs",
      "file": "tslib.js",
      "fileHash": "562390b6",
      "needsInterop": false
    }
  },
  "chunks": {
    "chunk-DZKEIRM6": {
      "file": "chunk-DZKEIRM6.js"
    },
    "chunk-74OBJTAQ": {
      "file": "chunk-74OBJTAQ.js"
    },
    "chunk-2VYMXZTO": {
      "file": "chunk-2VYMXZTO.js"
    },
    "chunk-RJPDVOUN": {
      "file": "chunk-RJPDVOUN.js"
    },
    "chunk-W224PUNB": {
      "file": "chunk-W224PUNB.js"
    },
    "chunk-4WX7ZCK5": {
      "file": "chunk-4WX7ZCK5.js"
    }
  }
}